Rank,Username,Total Points
5,ngpin04,21750.0
9,Unknown1508,21750.0
14,huutuan,20750.0
23,Mediocrity,16000.0
24,tuoitrexinloianhchi,15250.0
25,karrigan,15250.0
26,31tranhoangson,15250.0
28,LetterC67,15250.0
29,hoanggia042006,15250.0
30,Lam_lai_cuoc_doi,15000.0
31,thangdz,15000.0
32,lto5,14750.0
33,huyhasun,14500.0
34,chubohamhoc,14250.0
35,I_love_Hoang_Yen,13750.0
36,Monarchuwu,13250.0
37,shironeko1702,13250.0
38,binthoi,13250.0
39,lionel_andres_messi_cuccitini,13250.0
41,fryingduc,13250.0
42,shin56,13250.0
43,daoquanglinh2007,13250.0
44,LMAP,13250.0
45,ind1v,13000.0
46,kh0i,13000.0
47,hqmmm,13000.0
49,Khuepr123,12750.0
50,lnth,12750.0
51,khanhmy123,12750.0
52,phamvansam2006,12500.0
53,hieptk,12500.0
54,Vũ_CG_Coder,12500.0
55,mbfibat,12500.0
57,Francesco4203,12250.0
58,bvd,12000.0
59,adudakwa,12000.0
60,tryharderforioi,12000.0
61,ngoctrung05hd,12000.0
62,huyhau6a2,12000.0
63,quanmcvn,11750.0
64,tanprodium,11750.0
65,ducanh2706,11750.0
66,vinaka,11750.0
67,nhamtan,11750.0
68,ATOM,11500.0
69,nathan4690,11500.0
70,bubu2006,11500.0
71,SanguineChameleon,11250.0
73,Pikachu,11250.0
74,quanglm1998,11250.0
75,YugiHackerKhongCopCode,11250.0
76,yamete,11250.0
77,wii,11250.0
78,hung9A,11250.0
79,ndtlop9a1,11000.0
80,Flower_On_Stone,11000.0
81,OSKAZU,11000.0
82,khai99,11000.0
83,hxano,11000.0
84,LeVanThuc,11000.0
85,MrBB,10750.0
86,canhbuomdoigian,10750.0
87,FireGhost130104,10750.0
88,Pirlo,10750.0
89,Zero_OP,10750.0
90,longvu,10750.0
91,DuyTruotTuyen,10750.0
92,anhkha2003,10500.0
93,domino,10500.0
94,Yukari,10500.0
95,Lamduybao,10500.0
96,hphuonghehe,10500.0
97,hdh_,10250.0
98,pemguimn,10250.0
99,tien9d2,10250.0
100,Shyn_,10250.0
101,dwuy,10250.0
102,toidaidot2,10250.0
103,_shr,10000.0
104,khanhtb,10000.0
105,ShadowShark,10000.0
106,hungmaxx,10000.0
107,wuzismine,10000.0
108,anHiep,10000.0
109,Hata_no_Kokoro,10000.0
110,ningia203,10000.0
111,cnn008,10000.0
112,giaminh2211,10000.0
113,congbuithanh,9750.0
114,kitsune,9750.0
115,phongtin27,9750.0
116,Non_Nerd,9750.0
117,trongvan245,9750.0
118,v2v2v2,9750.0
119,huyngoquang78,9750.0
120,AnhNormal,9750.0
121,trnthienphc2003,9750.0
122,tht2005,9500.0
123,tunangoo,9500.0
124,MoonPie04,9500.0
125,BackNoob,9500.0
126,farmerboy,9500.0
127,21tin_cqhung,9500.0
128,phkhanh_ti22,9500.0
129,adeline193,9500.0
130,AliVu,9250.0
131,lenhanbo,9250.0
132,unknownnaciul,9250.0
133,ProTeam15,9250.0
134,nhphucqt,9250.0
135,jessie275,9250.0
136,nguyen31hoang08minh2003,9250.0
137,TrendBattles,9000.0
138,chinhly,9000.0
139,phucsongdonggia,8750.0
140,zipdang04,8750.0
141,Sweetnewbie,8750.0
142,duchung,8750.0
143,Hau,8750.0
144,khanhtai,8750.0
145,Gnoucm,8750.0
146,0x2ee08,8750.0
147,thanh123456,8750.0
148,a520anhlnb,8500.0
149,sheercold,8500.0
150,ntnguyen,8500.0
151,nguyenanhkhoi,8500.0
152,kien2008,8500.0
153,leminhtuanils27,8500.0
154,QioCass,8500.0
155,Beerus,8500.0
156,haminh0307,8250.0
157,khanhdungtrinh,8000.0
158,nguyentien2505,8000.0
159,Ai_2007,8000.0
160,123ntd,7750.0
161,QuitBo,7750.0
162,TTA_,7750.0
163,NekomataOkayu,7750.0
164,lftroq,7750.0
165,hungntils,7750.0
166,NoLove,7750.0
167,tientri2210,7750.0
168,amogus123,7750.0
169,ARSENAL1886,7750.0
170,son2008,7750.0
171,TpG2005,7750.0
172,ILovveyyou,7750.0
173,stew1e,7750.0
174,han2997,7750.0
175,LTTrungCHL,7750.0
176,vuphuong2,7750.0
177,vukhoinguyen,7750.0
178,hungeazyITistrue,7750.0
179,chautanphat,7750.0
180,baongoclau,7750.0
181,sangph2612,7750.0
182,enxiayy,7750.0
183,Tuandq14,7500.0
184,tar_palantir,7250.0
185,vinhdangquoc729,7250.0
186,mondellbit009,7250.0
187,PhanDinhKhoi,7250.0
188,dot,7250.0
189,Khanhcsp1,7250.0
190,Lilinta,7250.0
191,LA_NHVKhang,7250.0
192,chavus,7250.0
193,Thang_Nguyen,7250.0
194,Thanhs,7250.0
195,JustAPlainHuman,7250.0
196,ducdacoder3103,7250.0
197,phuocbua,7250.0
198,ruby0107,7250.0
199,shidou333,7250.0
200,Tu2108,7250.0
201,quan606303,7250.0
202,anhvuleduc17,7250.0
203,themluachon2008,7250.0
204,L_P_P_2_0_0_3,7250.0
205,zyngoc02,7250.0
206,tranquyetthang27,7250.0
207,RMQ,7250.0
208,Linh_Vo_1908,7250.0
209,NgVanMinh,7250.0
210,cabral,7250.0
211,nnhzzz,7000.0
212,quadangvaica,7000.0
213,hetcuu06,7000.0
214,nmai07_,7000.0
215,_shin,7000.0
216,VuongQuocHuy,7000.0
217,noname22,7000.0
218,namsea01,7000.0
219,EuthymiaShogun,7000.0
220,hoangnoobpro,7000.0
221,VVUU,7000.0
222,vietthanh2005,7000.0
223,tuongtaylor,7000.0
224,SmuggingSpon,6750.0
225,minh30082008,6750.0
226,vu28082007,6750.0
227,tthanhloi2007,6750.0
228,theduc2008,6750.0
229,nguyenvuminh0907,6750.0
230,ntmin,6750.0
231,thiennhan1407,6750.0
232,phcbaka,6750.0
233,A_S_D,6750.0
234,hackhieu5555,6750.0
235,letrungggg,6750.0
236,Fidisk,6500.0
237,hihihah,6500.0
238,maithehung123,6500.0
239,iii,6500.0
240,TheLostSun,6500.0
241,VilleClaude,6500.0
242,115tinHoVanTuanHung,6500.0
243,HieeuSPhamJ,6500.0
244,Tozzyyyy,6500.0
245,Bob15324,6500.0
246,jamienguyen,6500.0
247,phamminhhoang123,6500.0
248,giga_hedgehog,6500.0
249,master8,6500.0
250,phuckhanhk40tin,6500.0
251,canhnam357,6250.0
252,Kingen,6250.0
253,hoanganh2108207,6250.0
254,pt48583994,6250.0
255,quoctuan,6250.0
256,NguyenKhangNinh_69,6250.0
257,qt_binhminh,6250.0
258,hacker1604,6250.0
259,nogo007akapkn,6250.0
260,Cream_cake,6000.0
261,tranthuanhieu2,6000.0
262,theshadow_04,6000.0
263,banmkh6,6000.0
264,spamvnoi,6000.0
265,theloneguess,6000.0
266,nguyenminhhai,6000.0
267,lamlamlam,6000.0
268,hienn,6000.0
269,thanhhieu2k7,6000.0
270,fucfan,6000.0
271,goldenskygiang,6000.0
272,tndbang,6000.0
273,xuanthanhit06,6000.0
274,yuriFiona_,6000.0
275,thequang145,6000.0
276,phuhungchv123,6000.0
277,icyalmond,6000.0
278,GodLY,6000.0
279,sussybaka,6000.0
280,bibocat12,5750.0
281,tamthegod,5750.0
282,Amous,5750.0
283,Wayzztheturtle,5750.0
284,binminh01,5750.0
285,davele,5750.0
286,ntuananh2203,5750.0
287,khaicucaii,5750.0
288,tmp,5750.0
289,nguyenhuunguyen123,5750.0
290,anotheralwcodnn,5500.0
291,future,5500.0
292,Leehariiii,5500.0
293,ldn694,5500.0
294,mezz,5500.0
295,zjnuchiha,5500.0
296,pinkkiu,5500.0
297,Huynh_Minh_Tri,5500.0
298,Dragst,5500.0
299,Ducanh_ils,5500.0
300,ghuy4g,5500.0
301,trongtenlinhcbhk64,5250.0
302,thanheco1975,5250.0
303,Rukashi,5250.0
304,quydang251,5250.0
305,phuctwm,5250.0
306,PhiLong,5250.0
307,Quangthieunang,5250.0
308,HoangTheThanhDat,5250.0
309,goelqvylk,5000.0
310,Vhai05,5000.0
311,phucvctvn,5000.0
312,Huyyy1,5000.0
313,DangHung845,5000.0
314,smile,5000.0
315,Cadoc,5000.0
316,nguyenhongnam207,5000.0
317,ducanh0811,5000.0
318,Dreamy_lovesper,5000.0
319,newbie_AK2k8,5000.0
320,phanhuykhang,4750.0
321,dangnguyenbaovn,4750.0
322,nguyenphong233,4750.0
323,quanghuy07nsl,4750.0
324,Nhatanh2k7a,4750.0
325,_nhphuc,4750.0
326,phillisvietphan2007,4750.0
327,zoro96,4750.0
328,vinhtink34,4750.0
329,buidangnguyen05,4500.0
330,ITK11_DUY,4500.0
331,juanpham17,4500.0
332,furiel,4500.0
333,onepunchWA,4500.0
334,buivietthanh,4500.0
335,DucNguyen2007,4500.0
336,thefless,4500.0
337,yunium,4500.0
338,hoanglong1643,4500.0
339,hungnt1306ks,4500.0
340,dlwcl,4250.0
341,HoangNho,4250.0
342,ThMinh_,4250.0
343,re4ler,4250.0
344,hungtien2202,4250.0
345,HuyAT,4250.0
346,YukatouArimotou,4250.0
347,ytuananhptnk,4250.0
348,nvc2k8,4250.0
349,khoihk20,4250.0
350,CrystalZero,4250.0
351,killcode03,4250.0
352,Khoa8581,4250.0
353,chicken2k7,4250.0
354,Hienvq,4250.0
355,shelter,4250.0
356,Nhatthang27,4250.0
357,EvolutionzXD,4250.0
358,nhan19042007,4250.0
359,VNG232622_Pham_Duc_Minh,4250.0
360,Noi_nho_tua_thien_ha,4250.0
361,lechihoang73,4250.0
362,BestRazHuxp,4000.0
363,iwantagf,4000.0
364,Neco_Arc,4000.0
365,vuavisao,4000.0
366,minggg,4000.0
367,duccnamm,4000.0
368,cloud_komacine,4000.0
369,trinhvtuan,4000.0
370,thanhhoang,4000.0
371,tathuyminh,4000.0
372,pethuyeudau333,4000.0
373,Anphat,4000.0
374,nthien2008,4000.0
375,sonlh07,4000.0
376,danghuyro,4000.0
377,22125079,4000.0
378,Mike4235,3750.0
379,hazzu,3750.0
380,mammy,3750.0
381,windowlifefanboy,3750.0
382,sonkksondepzai,3750.0
383,VinhLuu12,3750.0
384,incognito_tab,3750.0
385,ms_zuk,3750.0
386,dreamath,3750.0
387,Yoie,3750.0
388,BJMinhNhut,3750.0
389,lahuyhoang2008,3750.0
390,lamlamjjdo,3750.0
391,vuquangduoc1234,3750.0
392,hmanh2007,3750.0
393,Justinianus2001,3750.0
394,loutre,3750.0
395,hunghz,3750.0
396,huynhtrungkiet09032005,3750.0
397,User272820,3750.0
398,painnotgood,3750.0
399,MinhTuan11,3750.0
400,Salaman,3750.0
401,zNatsumi,3750.0
402,HoaBanMaTuy,3750.0
403,naal,3750.0
404,SitableChair,3750.0
405,zahee,3750.0
406,huykgchv,3750.0
407,Dung1604,3750.0
408,duong3982,3750.0
409,dasher,3750.0
410,baoheyhey,3750.0
411,nguyene2p,3750.0
412,sonktx,3750.0
413,neal,3750.0
414,K1_BTKHIEM,3750.0
415,giavu,3750.0
416,ngothecuong,3750.0
417,ducanhnguyen123,3750.0
418,Pewpew,3750.0
419,Doan201203,3750.0
420,raiden2k5,3750.0
421,tula,3750.0
422,TaMinhHieu,3750.0
423,mhieu0601,3750.0
424,_HyG_,3750.0
425,toan2602,3750.0
426,thiuwunh,3750.0
427,nddh767,3750.0
428,Luatprooo,3750.0
429,JinerGenkai,3750.0
430,AnhTuanK40IT_CHV,3750.0
431,dpduy123,3750.0
432,Nh4n,3750.0
433,ChilenGaming,3750.0
434,Cwowngphus,3750.0
435,tdkhai1,3750.0
436,3m17,3750.0
437,bngp,3750.0
438,NguyenMinhTri21061997,3750.0
439,buituancvp,3750.0
440,tranlehiep1312,3750.0
441,ken_hk25,3750.0
442,Habaxl,3750.0
443,ngtrh12072k8,3750.0
444,tudinhbon2009,3750.0
445,trangtrangVN,3750.0
446,vantam,3500.0
447,TrungKienPham,3500.0
448,thabumi,3500.0
449,nhatsonhtb2008,3500.0
450,tranconghuan,3500.0
451,KAKOII,3500.0
452,phulx,3500.0
453,THDH,3500.0
454,k116tinminhtrinhhoang,3500.0
455,ngchkhang_cva,3500.0
456,smokieboi,3500.0
457,thangnd,3500.0
458,Syuu,3500.0
459,TienTuong2212008,3500.0
460,SaKaTa,3500.0
461,reliably_not_huy,3500.0
462,HUS_Newbie,3250.0
463,Naot,3250.0
464,VoThanhHai,3250.0
465,User0069,3250.0
466,vodacbaoandn,3250.0
467,samau07012005,3250.0
468,ShineNoLife,3250.0
469,chrome,3250.0
470,fedcba,3250.0
471,thieunguyenhuy,3250.0
472,UltimateWiener,3250.0
473,huyphong2k8,3250.0
474,NguyenHoangPhuc,3250.0
475,asahikawa,3250.0
476,hai111,3250.0
477,ahcl,3250.0
478,duong2803,3250.0
479,Nhoksocqt1,3250.0
480,PeterPan,3250.0
481,nhakhoanon,3250.0
482,net12k44,3250.0
483,lkva2019,3250.0
484,UFOsonzz,3250.0
485,ngonhatmin,3250.0
486,kinatraa,3250.0
487,aaa_tuyt54,3250.0
488,icyPie02,3250.0
489,quanghl0405,3250.0
490,VanLam_05,3250.0
491,hasytueminh12,3250.0
492,hlk28khuong,3250.0
493,HoangTienDat,3250.0
494,subinlv25,3250.0
495,luan_tran16,3250.0
496,anle82917,3250.0
497,Giangidol2k7,3250.0
498,hoang3107,3250.0
499,leth1nh05,3250.0
500,minhnn2023,3250.0
501,tuannghiak33tin,3250.0
502,nh0znoisung,3250.0
503,hmmmmm,3250.0
504,hawks21,3250.0
505,PaDi,3250.0
506,giabao8a70409042008,3250.0
507,leetaun,3250.0
508,HUYTRINH1724,3250.0
509,thaibeo123,3250.0
510,Phan2526,3250.0
511,haianhnguyen08102007,3250.0
512,sunsetinParis,3250.0
513,NHANGIOI,3250.0
514,khng456,3250.0
515,Cwistor,3250.0
516,Nguyen_Loc,3250.0
517,codelozd,3250.0
518,Hiuws,3000.0
519,leeminhduc2,3000.0
520,DP_196,3000.0
521,HoangMC2009,3000.0
522,lechivy,3000.0
523,duckcode,3000.0
524,k116tinthephamthanh,3000.0
525,nguyentribaothang,3000.0
526,Lee_Quo_Ming,3000.0
527,Akasa,3000.0
528,minhto2k12,3000.0
529,PM,3000.0
530,Sun,2750.0
531,HuyyTD,2750.0
532,trannhanminh,2750.0
533,Thang2170,2750.0
534,datlm,2750.0
535,ktoxztheplatypus,2750.0
536,Quangcpp,2750.0
537,KhoaText,2750.0
538,KhangKoii,2750.0
539,makecolor,2750.0
540,hungdeptrai2005,2750.0
541,TuanSimp000,2750.0
542,duckens,2750.0
543,52ducbanh,2750.0
544,duongofficial,2750.0
545,hitogami,2500.0
546,duongquanghai08,2500.0
547,nqvu_qn,2500.0
548,thkjconay,2500.0
549,bunhatv,2500.0
550,NhanHoang510,2500.0
551,doantronganh2008,2500.0
552,vietbachleonkroos2326,2500.0
553,nhatday1,2500.0
554,dinhquang2006vx,2500.0
555,soncao,2500.0
556,baolong310876,2500.0
557,vudinhlong,2500.0
558,minhpz2k5,2500.0
559,HungVietTran,2500.0
560,wonris09,2500.0
561,letienthanh251108,2500.0
562,zeena,2500.0
563,tuattsx3,2500.0
564,Andrew1013,2500.0
565,k116tinbaonguyenhoang,2500.0
566,khanhss,2250.0
567,nguyenductu2007hg,2250.0
568,CP9,2250.0
569,nguyenthiennhan17,2250.0
570,FubuGold,2250.0
571,thanhdat_ts,2250.0
572,phuthien2709,2250.0
573,nguyenhoangminh,2250.0
574,trtduong301,2250.0
575,VNG232633_Nguyen_Duc_Truong,2250.0
576,lululu,2000.0
577,duyoke,2000.0
578,iLPzzung,2000.0
579,tink29nguyenphamthanhtam220726,2000.0
580,vuongvietligt,2000.0
581,minhtuong,2000.0
582,LKT2007,2000.0
583,daishinkan,2000.0
584,minhphu29072008,2000.0
585,zzzzz,2000.0
586,taocodengulam,2000.0
587,gnortpv,2000.0
588,anhnhacem,2000.0
589,tdnghiak36toan,2000.0
590,quocthang,2000.0
591,Duy_e,2000.0
592,tktungtd,2000.0
593,kodomotachi,2000.0
594,crackerc,2000.0
595,Terminators,2000.0
596,anhminh2110,2000.0
597,GasmaskChan,2000.0
598,kimnhatdev1106,2000.0
599,NNN,2000.0
600,NLHD_187,2000.0
601,duy21,2000.0
602,DOANHONGBAO,2000.0
603,nguyenbodoi64,2000.0
604,bomdeptrai,2000.0
605,ltd_sword,2000.0
606,jcxdc,2000.0
607,nhatngohong,2000.0
608,tranphuckhanh,2000.0
609,CutiMeo,2000.0
610,testaccclonebili,2000.0
611,AlephNull0826,2000.0
612,HonaNguyen,2000.0
613,Datqg,2000.0
614,13hmh,2000.0
615,Bindu,2000.0
616,dangduc2102,2000.0
617,NewHMT,2000.0
618,Articulation_points,2000.0
619,trieuvi0905,2000.0
620,cuman,2000.0
621,thinhquoc,2000.0
622,lqanh,2000.0
623,ledothanhphu,2000.0
624,4uckd3v,2000.0
625,k12_khoi,2000.0
626,hungthai2k5,2000.0
627,hohoanghai5042011,2000.0
628,DucNguyenNoob,2000.0
629,23ti_nakhang,2000.0
630,khai20_3_7,2000.0
631,Kluco,2000.0
632,Nimitz,2000.0
633,K116tinquangledo,2000.0
634,mai_mai_1_tink_iu,2000.0
635,cthanh,2000.0
636,tuan0808,2000.0
637,lamgiakiet2005,2000.0
638,ttienk22a4,2000.0
639,cpbeginner,1750.0
640,yunan30028090,1750.0
641,iro_,1750.0
642,lmduc2704,1750.0
643,LoveTram,1750.0
644,doduongthanh75,1750.0
645,themaver1cks,1750.0
646,Off_exe,1750.0
647,pndhpndh,1750.0
648,lmaobruh,1750.0
649,cbh_k64_tue,1750.0
650,BiBeo,1750.0
651,tien4112004,1750.0
652,vietha07,1750.0
653,PhamGiaKhangTink6,1750.0
654,nghiaaa,1750.0
655,Kotoha,1750.0
656,yureki3657,1750.0
657,Hinataa,1750.0
658,tan2705,1750.0
659,H2wantcodes,1750.0
660,nguyenduonglq207,1750.0
661,cuongdz0111,1750.0
662,HaiPham05_yeuscode,1750.0
663,hieutaminh,1500.0
664,Algorit,1500.0
665,ninhdoktph,1500.0
666,nguyentien_z,1500.0
667,chungdinh,1500.0
668,SSLios23,1500.0
669,catdogdt,1500.0
670,NgTrung2217,1500.0
671,proudanh,1500.0
672,ving3011,1500.0
673,zackdeaths,1500.0
674,TuanNghia123,1500.0
675,procoder,1500.0
676,tanduc,1500.0
677,khoa2310,1500.0
678,Tharoboiz06,1500.0
679,trash,1500.0
680,minhkhoaitknine,1500.0
681,lhlephuocdao,1500.0
682,PizzaPasta,1500.0
683,sylv224,1500.0
684,ti20_ntson,1500.0
685,duyquoc,1500.0
686,VDCD,1500.0
687,baokhoa,1500.0
688,khoivip23062009,1500.0
689,shon,1500.0
690,k_,1500.0
691,newcoder215,1500.0
692,qn1035,1500.0
693,dungte12,1500.0
694,tungduong0708,1500.0
695,do_the_thing,1500.0
696,MinhNhatmn16,1500.0
697,hoangtuankhoa,1500.0
698,Pikachu123,1500.0
699,NTHưng2005,1500.0
700,Nguyen_Cao_Cuong,1500.0
701,Bananabread,1500.0
702,combodoughv2,1500.0
703,doducanh01062007,1500.0
704,2009_trongkhoa,1500.0
705,minh_kien,1500.0
706,TrungMegaLikeIT,1500.0
707,hoangtran48,1500.0
708,minhi1,1500.0
709,nam2007vn,1500.0
710,Kurumi_please_kill_me,1500.0
711,Dkquoctq2023,1500.0
712,phucvan442k,1500.0
713,pntho1502,1500.0
714,quachtanphat,1500.0
715,nghquan,1500.0
716,CanhCutYuno,1500.0
717,chunguyen2k8,1500.0
718,PornhubAdmin,1500.0
719,Bickeya,1500.0
720,wuan,1500.0
721,NewJourney,1500.0
722,hophuoc4so9,1500.0
723,Minhtest,1500.0
724,nkhhu,1500.0
725,viethq,1500.0
726,phongmaituan1,1500.0
727,bqvkhang,1500.0
728,brokenlove113,1500.0
729,chcopie,1500.0
730,NOOB_CODER,1500.0
731,Spy007,1500.0
732,just_a_bot,1500.0
733,lyricsvideo130308,1500.0
734,L0ngg,1500.0
735,Lucky_Noob,1500.0
736,baotoan,1500.0
737,dacle,1500.0
738,chitrung1,1500.0
739,Hong_Anh2708,1500.0
740,tlavanh605,1500.0
741,giabao362004,1500.0
742,toro2,1500.0
743,sharineoj,1500.0
744,HMDuc,1500.0
745,achibulup,1500.0
746,BlackJack,1500.0
747,despair,1500.0
748,nqk2k8btf001,1500.0
749,supercoder2902,1500.0
750,nhatquangtq,1500.0
751,donguyenduykhang010,1500.0
752,tribui,1500.0
753,ngtmanh,1500.0
754,giorzang,1500.0
755,duyphamm,1500.0
756,dothanhhau,1500.0
757,BobTheGuy,1500.0
758,duyhoanho,1500.0
759,2326_tin_pqtri,1500.0
760,masteroowgay,1500.0
761,nmhung,1500.0
762,DDQ_08072006,1500.0
763,huuthinh1603,1500.0
764,Chiro,1500.0
765,buianhquancoi,1500.0
766,namm18,1500.0
767,fromhgbwithlove,1500.0
768,H2SO4,1500.0
769,LucasLe,1500.0
770,HIKIVN,1500.0
771,DaiDuong12907,1500.0
772,giahan2005,1500.0
773,23ba14109,1500.0
774,amyanhcuong,1500.0
775,pnam37822,1500.0
776,NamViet212,1500.0
777,nhanlord10010101,1500.0
778,VNG232604_Phan_Thanh_Dat,1500.0
779,ki14,1500.0
780,NguyenKhacTrung,1500.0
781,dirii,1500.0
782,SinsAries,1500.0
783,phan_tho,1500.0
784,huehuehue,1500.0
785,LmaoLmao,1500.0
786,YuukaKazami,1500.0
787,Kien08,1500.0
788,E3320198,1500.0
789,RussVN123,1500.0
790,quocdev2009,1500.0
791,thanhtu2608,1500.0
792,bdtoanK37,1500.0
793,bqmnhat2313,1500.0
794,coderbiccubing,1500.0
795,ttt601,1500.0
796,jezz2005,1500.0
797,VanTai_ITK22NBK,1500.0
798,arcv,1500.0
799,Huyhduve,1500.0
800,thanhbinh2004,1500.0
801,hgiang,1500.0
802,hungzin3110,1500.0
803,zeresengel2003,1500.0
804,kubinnguyen67,1500.0
805,Sew,1500.0
806,stoobid,1500.0
807,ITK65_tvquang_1,1500.0
808,ITK65_QuangThanh,1500.0
809,dnthinh77,1500.0
810,Groot,1500.0
811,nDtthinh2k5,1500.0
812,thanhlong2188,1500.0
813,dophusuy,1500.0
814,HUVW,1500.0
815,phatnguyen,1500.0
816,Robert,1500.0
817,whashi1026,1500.0
818,talabuado,1500.0
819,thaihoa1414,1500.0
820,DinhVantung0611,1500.0
821,Parrottos,1500.0
822,huytranq,1500.0
823,quocan,1500.0
824,Tink29GiaPhu23,1500.0
825,vulong12,1500.0
826,ki12,1250.0
827,THPhong,1250.0
828,zeeptobean,1250.0
829,diep38,1250.0
830,danhne,1250.0
831,k116tinbaonguyengia,1250.0
832,Kei,1250.0
833,truongphan,1250.0
834,Phanvanthinh,1250.0
835,Deltadng,1250.0
836,HiIamCuong,1250.0
837,The_Blacksiler,1250.0
838,lenguyenduylam2804,1250.0
839,vladirmir,1250.0
840,dwctai_08,1250.0
841,nhmktu,1250.0
842,Binhdark,1250.0
843,nguyenbaphuchung2,1000.0
844,nero,1000.0
845,PhanAnh628,1000.0
846,CodetoanBUG,1000.0
847,AnInvisibleName,1000.0
848,lyis_27,1000.0
849,HoangVu_cva,1000.0
850,GentleRage,1000.0
851,the_darkest_soul,1000.0
852,pdat2468,1000.0
853,CHYShin,1000.0
854,dinhnhat15,1000.0
855,kieuminhduc153,1000.0
856,vha22tiltv,1000.0
857,kurji,1000.0
858,TheFool,1000.0
859,Loyar,1000.0
860,nhat08,1000.0
861,belowAverageNoob,1000.0
862,AC_Quan,1000.0
863,SDL999999999,1000.0
864,Ceaturs,1000.0
865,dccuongtq2023,1000.0
866,Conmeobeo,1000.0
867,manhung31122004,1000.0
868,thanhnhan,1000.0
869,kami_sama,1000.0
870,trietkochoiff,1000.0
871,minhduc3708,1000.0
872,phamminhnhat1204,1000.0
873,NguyenBaoAnh,1000.0
874,thanhnguyen07,1000.0
875,NgJaBach06,1000.0
876,dzhoz0,1000.0
877,1m48,1000.0
878,nduongg1,1000.0
879,Qyll_PD,1000.0
880,quanw267,1000.0
881,KhanhNguyen07,1000.0
882,TgX,1000.0
883,iamyud,1000.0
884,Honganh,1000.0
885,Eula_Simp_Lord,1000.0
886,HD_Tino,1000.0
887,HotStepBroz,1000.0
888,AK07,1000.0
889,leduchuy1337,1000.0
890,abcd_4321,1000.0
891,ninhducnam2k7,1000.0
892,boitestcode,1000.0
893,Nguyen_le2632007,1000.0
894,giangthanhbao3,1000.0
895,younglungling,1000.0
896,TranHuuVinh,1000.0
897,phongech,1000.0
898,ngohung810it,1000.0
899,dinhviethuy055,1000.0
900,quangvinh04062005,1000.0
901,DL_DinhVuMinhHung2k8,1000.0
902,nguyenminhthinh26122004,1000.0
903,duytanst2004,1000.0
904,zubudainhan,1000.0
905,NganCH,1000.0
906,dinhtuananhhoang,1000.0
907,hung3103,1000.0
908,huypro,1000.0
909,xuanquanhl050309,1000.0
910,doanvananhthai,1000.0
911,2211khanhdh,1000.0
912,VTHH_Boo,1000.0
913,linhlinhcute,1000.0
914,hoangdeptrai,1000.0
915,tquang,1000.0
916,vule235711,1000.0
917,phamdinh101010,1000.0
918,nguyenquangky123a,1000.0
919,winky,1000.0
920,pqthangv,1000.0
921,kusanagi,1000.0
922,bojackduy,1000.0
923,phamvunhatank,1000.0
924,remaining1,1000.0
925,doantriquan,1000.0
926,nemchua,1000.0
927,djmeow0407,1000.0
928,Nt8eoS03iAX,1000.0
929,Shidou,1000.0
930,ailoveyouahaha,1000.0
931,letienthanh,1000.0
932,2NA6NU7NmF,1000.0
933,nguyenhuuthanh0304,1000.0
934,trinhbao2006,1000.0
935,duydong05,1000.0
936,longg_08,1000.0
937,AdolfCongTien,1000.0
938,Cam,1000.0
939,PhamGiaPhuoc,1000.0
940,buon_choi96,1000.0
941,thinhkl123,1000.0
942,clone_08,1000.0
943,MEJQP6cdo3L6,1000.0
944,iceghost,1000.0
945,minhdatlhp,1000.0
946,8uFOSXcxj8,1000.0
947,trongquang,1000.0
948,giahuynguyen,1000.0
949,trieudp167,1000.0
950,aus_whale,1000.0
951,ÂnTBT,1000.0
952,phamtienhoang,1000.0
953,4MdB4RHsB2g,1000.0
954,turtle3ds,1000.0
955,kietlearntocode,1000.0
956,ngththuyen,1000.0
957,QuocPhu,1000.0
958,khang0905460558,1000.0
959,canhtoanle,1000.0
960,ratatouille,1000.0
961,NCATu,1000.0
962,nguyenquoc,1000.0
963,keiranoluv,1000.0
964,Soraino,1000.0
965,lede666,1000.0
966,quanak963,1000.0
967,chiecxeconang,1000.0
968,Vinhzn08,1000.0
969,LEPHUC123,1000.0
970,TSTD_TrinhKhanhHung,1000.0
971,ngocbao6422,1000.0
972,CarlavierVN,1000.0
973,datluong_48,1000.0
974,quanthebear,1000.0
975,Kiffaz1,1000.0
976,nptd0000,750.0
977,tmp123,750.0
978,VoTheHao99,750.0
979,Kieetj,750.0
980,nguyendanghien,750.0
981,dotu2678,750.0
982,Minh_Kiet,750.0
983,nguyen_333,750.0
984,HD_h2n,750.0
985,tpat,750.0
986,quan08,750.0
987,ryan36,750.0
988,thinhlelvlang,750.0
989,trinhsytuan,750.0
990,Le_peace,750.0
991,YT,750.0
992,gus,750.0
993,Ju5T1N,750.0
994,ThaoDao10tin,750.0
995,detroiddh,500.0
996,domaimai,500.0
997,nguyentunglam,500.0
998,louis_no_pro,500.0
999,NLGBao_ltt,500.0
1000,hhoangcpascal,500.0
1001,HDM010203,500.0
1002,ktoan619,500.0
1003,tunguyen,500.0
1004,jamesnotfound,500.0
1005,__turing__,500.0
1006,DinhPhuc,500.0
1007,ll,500.0
1008,AI,500.0
1009,bautroisaumua,500.0
1010,Hoanglong20092015,500.0
1011,letienbinh_812,500.0
1012,phucpham5811,500.0
1013,nngan267,500.0
1014,duahau_00,500.0
1015,busoltoac,500.0
1016,lenguyenminhhai2k8,500.0
1017,gduchuy81,500.0
1018,Astaroth,500.0
1019,alchemist,500.0
1020,K122,500.0
1021,huy_pr,500.0
1022,vinhnct2005,500.0
1023,tu9AB,500.0
1024,_________,500.0
1025,hoangvannam12345,500.0
1026,hungg_261,500.0
1027,anhtuphamk64,500.0
1028,v8n5UMUxnl,500.0
1029,H4jjDPIlTEzS,500.0
1030,F7ipc5wPrVx2,500.0
1031,minhkien0402,500.0
1032,ThinhCBT,500.0
1033,TranThienPhuc2657,500.0
1034,Kiet07,500.0
1035,MinhDang1103,500.0
1036,nakitk22,500.0
1037,ntTqN91lWi,500.0
1038,huynhquocluatit10,500.0
1039,e8PW3kdf6X,500.0
1040,MinNyat,500.0
1041,trangg,500.0
1042,rainliketears123,500.0
1043,hieu1202,500.0
1044,LMQuan,500.0
1045,8y2kK1oeNmyY,500.0
1046,sirseven,500.0
1047,2O8ZQwcsTua,500.0
1048,nagologan,500.0
1049,88O8K3KJTxix,500.0
1050,Haiduong110711,500.0
1051,mJexe4zCD9Z3,500.0
1052,htthtt12t1,500.0
1053,T5SRwf5rD2,500.0
1054,tieutotvodanh,500.0
1055,h89wNZvLyi,500.0
1056,yuta,500.0
1057,Y9HDTuxIPbH3,500.0
1058,thiennhan2008,500.0
1059,115tin_CaoXuanHuy,500.0
1060,dRBtMDPuDrz,500.0
1061,ly2008,500.0
1062,Vb3T6Iw4dQB3,500.0
1063,taimoitapcode1,500.0
1064,Tduong,500.0
1065,09GkRwV0jnd,500.0
1066,khangdayy,500.0
1067,i1VdYxQZGQp,500.0
1068,Do1ROeEZop,500.0
1069,trumchepcode,500.0
1070,upvAqtkabBEE,500.0
1071,ducdtm,500.0
1072,tranthinh692007,500.0
1073,minhminh123,500.0
1074,8C8UXOw6iB,500.0
1075,NMH_000,500.0
1076,firrewghst_MQ,500.0
1077,qXsqGo0stb4U,500.0
1078,zunesu,500.0
1079,dylantamau,500.0
1080,MYoPto4pH8d,500.0
1081,pncthang2008,500.0
1082,gI3iGfR3Qa,500.0
1083,ndan,500.0
1084,76R09roqmdVG,500.0
1085,thienquynh,500.0
1086,115nguyenminhvu,500.0
1087,tranhuyky007,500.0
1088,hLhSjd0AckS,500.0
1089,Valkyrie,500.0
1090,more_slice,500.0
1091,DFYSAZ8ypk,500.0
1092,hlk28chitinh,500.0
1093,nguyentrieuvy,500.0
1094,tobi123,500.0
1095,rin56,500.0
1096,quanlm,500.0
1097,sdkagsfkjas,500.0
1098,NgocBachA3K26,500.0
1099,anhkhanhff65,500.0
1100,caubemituot,500.0
1101,hieeus,500.0
1102,khaiphamwin,500.0
1103,Haiten_Tue,500.0
1104,ilovecrush,500.0
1105,ReDung,500.0
1106,KienLee219,500.0
1107,cuongonthi08,500.0
1108,kai2wx,500.0
1109,Ora13,500.0
1110,tokaisu,500.0
1111,xxxdz,500.0
1112,vugiabao_1608,500.0
1113,ThanhMoiTapCode,500.0
1114,schizocatto,500.0
1115,tngoc23022008dsffsdfdsfsfds,500.0
1116,KhaazixGod,500.0
1117,timebomb,500.0
1118,23ti_ddphat,500.0
1119,dddddd,500.0
1120,nhanphamj,500.0
1121,banhuy_giauten,500.0
1122,gi4th4ng,500.0
1123,PDH,500.0
1124,phatngvan0912,500.0
1125,CristianoTuan,500.0
1126,sadboiz,500.0
1127,AnhHuy0402,500.0
1128,PhucLe,500.0
1129,Premoins,500.0
1130,utbuiquoc,500.0
1131,dodinhhoanganh,500.0
1132,user_no_name,500.0
1133,LTVinh,500.0
1134,zenitsu,500.0
1135,hoongquaan,500.0
1136,names_,500.0
1137,truongdinhnguyen26327,500.0
1138,avgnoob1,500.0
1139,k116tinvuongngotan,500.0
1140,duckz,500.0
1141,darkstarcfvn,500.0
1142,hung_t,500.0
1143,lainaio,500.0
1144,N2H19,500.0
1145,TrainingLongBao,500.0
1146,dungnt,500.0
1147,Kripz,500.0
1148,xd_vuthanhan,500.0
1149,K116_vuongngotan,500.0
1150,tbttkc,500.0
1151,Vinh0603,500.0
1152,Tran_Duy,500.0
1153,Chibao_ITK22,500.0
1154,phucsintwillwinioi2024,500.0
1155,khoalee0711,500.0
1156,maihoangtrang,500.0
1157,quoccuong2432009,500.0
1158,legiabach0309,500.0
1159,nguyenduchien,500.0
1160,nguyenvu29,500.0
1161,quocnghia32,500.0
1162,npnquynh,500.0
1163,nguyenmanhtuan10012010,500.0
1164,buiminhduong,500.0
1165,nguyenbahoang,500.0
1166,vuthilinh0487,500.0
1167,nguyenlekhoi2004113,500.0
1168,_quyynhanh08,500.0
1169,Thanh09,500.0
1170,khangnguyen1211,500.0
1171,ducki9664,500.0
1172,114tinminhnguyenphu1,500.0
1173,insertusername,500.0
1174,doducphat,500.0
1175,an0708,500.0
1176,tienle0103,500.0
1177,trannghiatrung2007,500.0
1178,Siesta_Of_Me,500.0
1179,huynhgiabao050204,250.0
1180,baobean,250.0
1181,009D,250.0
1182,tranhuytunga1k51nl,250.0
1183,nvthai2802,250.0
1184,hunglomdom,250.0
1185,hmduong2k11,250.0
1186,lmeodarkwa,250.0
1187,MeowT,250.0
1188,huynhphattai7788,250.0
1189,nguyenkhoimomo,250.0
1190,k4nng,250.0
1191,201105phamgiahuy,250.0
1192,learnenglishit,250.0
1193,tandang170604,250.0
1194,sadgau,250.0
1195,Itachi,250.0
1196,vuthinh1072008,250.0
1197,pghungw_k36,250.0
1198,qwerty123,250.0
1199,trannangphuc,250.0
1200,DuyKhangNDK,250.0
1201,nmd_01,250.0
1202,wan_alpha,250.0
1203,hackiemsi0v0,250.0
1204,dinhquochuybh,250.0
1205,phongngo,250.0
1206,ninh,250.0
1207,k30hongvuong,250.0
1208,mh121203,250.0
1209,cushinmu,250.0
1210,messi7507,250.0
1211,_theanh_t11,250.0
1212,nk9182902,250.0
1213,duyngo07,250.0
1214,nguyenmautansang,250.0
1215,diiy69,250.0
1216,nb_nh_nguyenduclinh,250.0
1217,Sangiko,250.0
1218,16letrunghieu01,250.0
1219,tayngo2601,250.0
1220,buihieu01042010,250.0
1221,Letivent,250.0
1222,nob,250.0
1223,hoangvu276,250.0
1224,trungkientuyentinhoc,250.0
1225,HUTAO,250.0
1226,levietanhtrump,250.0
1227,hoang128,250.0
1228,nthien,250.0
1229,dongdaiha9,250.0
1230,hainguyentruong969,250.0
1231,nguyentienviet,250.0
1232,gv_thcsttme_dangnlchi,250.0
1233,khangduy,250.0
1234,phananh7105,250.0
1235,K30giahuy,250.0
1236,anhonn,250.0
1237,lehoangphuc2007,250.0
1238,hwngqtt,250.0
1239,andyphake,250.0
